,0,1
0,-2.732266417766378,0.11453887434575279
1,-0.22062046747973585,0.9930823193591837
2,3.3841415959397123,-0.956659061096589
3,-3.318087766345432,0.828219080284313
4,-3.049269815585735,0.9060743700197822
5,3.2873212939314356,-0.4970716083047802
6,-0.548862079943683,0.7470869685438903
7,4.337632189065079,-0.36741694286161075
8,3.947705774631236,0.3722425644990814
9,-2.383104700312402,0.7014639135180467
10,0.27493407293139555,0.9999874950853787
11,-2.5453633846268167,0.15040741144121483
12,3.5629287498116256,-0.6884981417621701
13,4.443727261720982,-0.3467511778701616
14,3.3604169429906583,-0.11578475790211866
15,0.6597616878433787,0.9028048792663149
16,1.4802479026920674,-0.5376090269857727
17,-3.622278151984598,-0.14453435732916642
18,-2.8836085411157213,-0.5429220512824022
19,-0.8422793607336222,0.5923234715773129
20,-3.0722953687745123,0.019650893381606777
21,0.952533487800201,0.571245618534199
22,0.574414684475094,0.8155556002591796
23,-0.058909255924979614,1.0796312518964244
24,4.146288872283922,0.3984796942688437
25,-2.3383475415685497,-0.2325156915182484
26,-0.02578190206867141,0.23593407133409636
27,-2.6887094888054746,-0.4325981530972803
28,4.507073763881913,-0.7166667384370253
29,4.518904264802028,-0.6754851262992864
30,1.9895189006161706,0.026987573609968674
31,-2.3798105056108207,0.010356827069472246
32,-2.638495868260463,0.4706137545902273
33,0.9068453242642254,0.37851201240953425
34,4.198881747585484,0.21617591427373195
35,-2.5477842867486022,0.5034088356724301
36,3.377721848015402,-0.5445343573291664
37,4.466968518899644,-0.6969886609305515
38,1.401011829242771,-0.4781458860755124
39,-0.11171421766086807,0.936949051446947
40,0.9305697814016853,0.46070932482158494
41,-0.4893696498037681,1.0076280775980038
42,1.907316882934342,0.02962630789323397
43,4.256671796669981,-0.791570872362676
44,0.5437558354435863,0.8454497176520078
45,4.290442252783177,0.1600337621565716
46,-1.2372814321410246,0.2
47,-0.16993667612644311,1.0666874458112054
48,0.8810516616127697,0.5386631294349004
49,-0.7727514369062156,0.5630080365723924
50,-0.8202051839991884,0.524627557043455
51,0.9154322226148124,0.05866701005070583
52,4.514658097299332,0.0945511530304679
53,-0.2958594531408863,0.9891750886750322
54,4.109275808169309,-0.42093684125971353
55,0.519699535498597,0.8391908851354717
56,3.26749626286497,-0.20941542391865642
57,1.2976389701999338,-0.5217036000672884
58,3.6344936061953526,0.29960079269120937
59,-0.3951520216443446,0.9989233832962214
60,0.5229460327769571,0.8194209165249603
61,-2.3318648741773735,0.3121167285034562
62,4.09432436315128,-0.8300146318558728
63,-2.9356224172763628,-0.541821498057238
64,3.35058885045816,-0.4725984517905688
65,-3.6528187705357915,0.45197095861604764
66,3.8177095894810944,0.3907781640298709
67,-0.1075478658174544,0.9420481950046616
68,-0.21685692795951877,0.8319000623729904
69,1.6208302432984707,-0.3477869818832042
70,0.3318132831715745,0.8458246419261378
71,4.305306593312959,-0.45740478786547406
72,-0.5358083317782603,1.0532574051783952
73,0.29796122048978096,1.0941314075164923
74,-0.34226781282155316,0.9733492748029561
75,-1.019539206927958,0.05272275077913322
76,-2.7432571963071988,0.6370752040389058
77,0.8984919324494967,0.11838677919696454
78,4.712913324966691,-0.4761673434595987
79,3.689506737329673,-0.09761418798292484
80,3.703122516748668,-0.9270391364232
81,-0.9528640392476708,0.5799582844522972
82,3.426930929191048,-0.32944240421570414
83,2.00799543922295,0.30191959034345284
84,-3.1403650967203376,-0.39193596443975304
85,0.5458232149534546,0.792086784507718
86,3.666629858831933,-0.1280015148653641
87,4.6681351258226265,-0.08788327149654385
88,3.9858374773685012,-0.6347412110951975
89,0.7261571075231253,0.6561664516088885
90,0.5523856064906238,-0.5309333067981692
91,-3.5554963973108,-0.07989308236936787
92,-3.1359791751097603,0.6731600548583259
93,-2.9120489364018542,-0.00912767973038367
94,0.4785578640769257,-0.3579040724130719
95,-3.3536496843890027,0.139283811018682
96,4.271139175864162,0.30196168542762164
97,-3.0593648991018916,0.12077726238823787
98,-1.6987970663863026,0.2
99,-3.697308959086147,0.509958425088348
100,-3.296877483251332,-0.5270391364232001
101,-2.36081143637684,-0.09033037740648242
102,3.3573451386183635,-0.34360939608817165
103,1.8676530713374626,0.08765934719387258
104,-3.308758968912271,0.8408164313230351
105,1.9494118907715792,0.22707708106053653
106,0.30892185938953987,-0.2090423129481687
107,-2.397171077519151,0.1940532215620336
108,1.5422928607477102,-0.3699624135316299
109,0.46584294926099057,-0.495815020494845
110,-3.15216314214057,0.6278982489771583
111,-1.0447844430433788,0.1470089620648666
112,-3.319325358509798,0.3249416877484552
113,4.102152758357578,0.5722551157882936
114,-2.9201094800533958,0.2543266474819447
115,0.7250190157293345,-0.5639153542937013
116,0.49814411992015634,0.8811228001724323
117,0.7309703016084893,0.6767024005680832
118,4.409375134629783,-0.6530124803108779
119,-3.1400949484732106,-0.11080988066008735
120,1.1501518846910532,-0.3589402724021854
121,4.649070795625565,0.03607364877758351
122,1.0680063685698318,-0.524021581194102
123,4.714188737976966,-0.14628198724104718
124,4.049024945589972,0.06878079809859577
125,-2.919838272136404,0.6136163784398567
126,-3.661287384414022,0.5175234236252926
127,0.2187171309234313,1.0184723431933327
128,0.33864044741628885,-0.13870918799332155
129,-0.9509244970189318,-0.06143296533001677
130,-3.082544035595615,0.9546421905236258
131,-0.9674937753107523,0.045919288283123104
132,0.06643948155706327,0.12259981878263895
133,1.9943869517244281,0.19832376602871393
134,0.9156337928560728,0.5093243252327577
135,-2.4722342525599577,-0.06750119516308323
136,-3.459363678949229,0.3714783598348549
137,0.13609844807662042,-0.09177853448504478
138,3.468374777133622,0.27997994307413604
139,0.05353713594506612,0.25661955857344365
140,4.21853722645944,-0.03394015594686073
141,-0.03037343392816058,0.4321146297542942
142,-2.9540088020474533,-0.5756490812161357
143,0.2366266081010345,-0.31759116029747086
144,3.278299527442349,-0.3299435542124871
145,-0.032302392473119175,0.3546554522856054
146,1.839958981911087,-0.06475408526080384
147,-2.5168653248590953,0.2530292232378667
148,0.9596038858731122,0.3629697909515524
149,-2.9302670087941625,0.6822179776646612
150,0.4993196613825357,1.0637331321357095
151,-2.4614653163571356,0.03422136058459663
152,-2.4977302507297856,-0.31306147295799464
153,3.477018414975102,-0.019859166495737574
154,3.9668654581686056,0.13229707395055368
155,-3.1822904105189056,0.790778164029871
156,3.5959776172316604,-0.33885188654395004
157,-2.2950513799767593,-0.08761899376386179
158,4.232332925816653,0.3392552726187353
159,4.312037992628938,-0.12232349699010332
160,2.0599074798345436,0.5723718196977152
161,0.9191927655485225,0.08607372849845747
162,1.9131704843494524,0.06121572954317829
163,-2.536911621021306,-0.397839556252969
164,3.3827152957208706,0.22347363619322136
165,4.064377582723638,-0.9418214980572381
166,-1.5268925885192814,0.2
167,-0.5408829262100625,0.8218024260722256
168,0.5271621626812347,0.7414362076848742
169,4.079890519946604,-0.1456733525180553
170,0.2480786292552759,-0.08948308936299598
171,-0.06371033382046357,0.40749051361810773
172,-0.9171895537880571,0.30798800284537164
173,4.782865918497303,-0.19788014292708594
174,-0.6112175557831367,0.7296008762488149
175,-2.4376479218124865,0.7548260688809092
176,4.207198900654097,-0.5721028583703696
177,4.59972355514509,-0.16989748763537674
178,4.102873586741596,-0.5372158783951362
179,-3.4370712501883744,-0.2884981417621701
180,-2.443681162383945,0.7280142717998737
181,1.556687201136901,-0.33842223342497446
182,-3.395216473469837,-0.43041864051071893
183,4.46534294474435,-0.5798653508745785
184,-2.728860824135838,0.7019616854276216
185,3.2582563528075683,-0.4329439944533936
186,-0.8749412928658643,0.45016398955298226
187,4.076194204367763,-0.48175170088987535
188,-2.4497342339158954,0.6750979797648636
189,-3.3772543523201786,0.3331750988960792
190,-1.247379419838134,-0.736644661285021
191,0.47725239757209703,-0.8730612005732892
192,-0.9763407641773839,0.3832853857962033
193,1.9785930646813308,-0.2
194,1.0943331510042178,0.1983381093577904
195,0.625298123098259,0.9496464623716745
196,0.6016122561971521,0.8113627364762835
197,0.7389408634734304,-0.4977351586932113
198,0.31872682039156597,-0.23216389555579944
199,1.8803830181196772,0.0118328380462433
200,4.5648149739671835,0.03601725306211895
201,0.026765736603330703,1.0246177409244464
202,1.3169918008558723,-0.4168979473308553
203,-2.2512234772084936,0.4390201009272355
204,-3.2349521066371647,-0.09634966988892552
205,3.333062094742461,-0.013450968705886995
206,1.9694627960073783,0.013900916521545834
207,4.615591228682222,0.21460823864632206
208,-1.4726190756970365,0.2
209,3.574486704638892,-0.20157044846350627
210,-3.454854655584199,-0.21133774696535768
211,1.2580253103704522,-0.5602810602686432
212,-3.573069070808952,0.07055759578429585
213,3.858800399086413,-0.05566139919271118
214,-0.4610115631204074,0.9655783301655154
215,-3.4335456098688946,0.4553078560646316
216,-2.877276555119068,0.06340920017985568
217,-1.1006502306468051,0.26307986806351646
218,1.7455605261152944,-0.11989634989147403
219,-3.23166279807025,0.3497434318086482
220,-0.2296970723861933,0.8813887933630626
221,0.3032181883744209,-0.31973098262111255
222,0.22045388217188117,-0.09821661838422958
223,-0.8058851450824464,0.4542611803803337
224,-2.9450641959287225,0.9506658388203575
225,-0.4290455919976089,0.8375482055269357
226,-1.5249289817370877,0.2
227,1.0299409394786627,0.24242437091433447
228,4.382911066934144,-0.47409941203861206
229,0.2712740341098264,0.7666537252817449
230,-3.166808286686679,0.7686119640483955
231,-3.4345512941194314,-0.09145458821631602
232,-3.1202421761136616,-0.3619678246267239
233,4.385807841530349,0.4816513678928213
234,1.377636327908355,-0.3806450012222629
235,1.093577081124908,-0.512926211705791
236,0.16785367129477835,0.9720543009282764
237,-0.7658792280746137,0.6029075485207842
238,1.0377154124075045,0.18414257683705
239,-2.0895127239107967,0.2
240,0.3948459119955426,-0.3704160646561231
241,-0.987306765042337,0.37942563785172695
242,-0.9006891766527308,0.47431811153195785
243,-1.054949166241947,0.1509774509293144
244,3.2766414882502506,-0.08275378049687482
245,-3.310493262670327,0.30238581201707515
246,-2.880016864394207,0.2690999834578288
247,0.831056296161071,-0.5258033896903053
248,4.5142264404332035,0.3070232959474013
249,-3.230751405502339,-0.04816357027691767
250,1.6027184867001876,-0.34168219515416304
251,1.385792365391327,-0.49724801967512106
252,0.9590724017560354,-0.5373857905403633
253,4.256794996472991,-0.036899063281465166
254,-3.4435582938083815,0.12015491323897608
255,0.17786651923769786,0.12749856542757862
256,-2.617088933065857,-0.07409941203861203
257,2.929677109954127,-0.2
258,-2.396411822827555,0.10799938151194047
259,-0.06602929189826531,0.9965263348944864
260,-3.07543449004348,-0.5746478033189133
261,-2.350929204374435,0.43607364877758353
262,1.5128182924424405,-0.22393551105083873
263,0.9805270656300846,0.32398288364365374
264,4.47961351783262,0.24111359835100882
265,4.210012766081507,0.35921369083397975
266,0.22815492022314887,1.0275242849708848
267,-2.7588406778059866,0.5353717186513419
268,-1.7114769136456336,0.2
269,3.604783526530163,-0.830418640510719
270,3.5150192787398096,0.43509473148393446
271,0.7173709385181224,0.6278206974779285
272,-3.579068601787341,0.7260069590767402
273,0.4485221206194646,-0.3226218634687379
274,4.101245290794839,0.2857124926334366
275,1.6759379904380505,-0.17449249807370243
276,3.3178206925214884,-0.5371324864760543
277,-3.1173210462297716,0.839713066567592
278,-3.5085883564344256,0.32318623079600894
279,1.6575677998050484,-0.27009401690627455
280,-3.5224686788402013,0.03514146314965341
281,-0.29727462890464684,-0.42233167719745235
282,4.124659659451081,0.039826896198073614
283,0.05559113691840524,0.11800494697804906
284,1.6498859345255936,-0.20821389939918633
285,-3.473891430682021,0.44127270181137496
286,1.5746950545182048,-0.23351167978209839
287,-2.6266055556171293,-0.33408997568837934
288,-3.3177689522626834,-0.04438649146313303
289,-2.7885540756276166,0.20347225048555234
290,-3.6003380215739873,0.5204735761108243
291,1.0717748953283848,0.2650950637286281
292,1.1268291154648997,-0.4765062244681302
293,-0.4137604860421532,0.8632180678124909
294,4.319659307438635,0.37629740150667473
295,3.88753703355526,-0.25248504796029925
296,-3.275208546339376,-0.534995915954144
297,3.682791990727527,-0.3285024870155607
298,0.12606149025139124,0.4021075663445072
299,-2.843232610465663,-0.3577804998645077
300,-2.489058171633575,-0.04193964128090344
301,-3.3002303335040257,0.9332995568674922
302,0.7531957637440483,0.6604169118968034
303,4.156767389534337,-0.7577804998645077
304,-0.9669464277136314,0.4048347258263201
305,-3.636813196518485,0.3104006989993081
306,0.9143990580906879,0.5380048115520901
307,1.782369855291639,-0.08282403559842069
308,-3.1018792802877373,-0.44135080370704255
309,4.467779994756249,-0.2203823647027623
310,-0.8535803255772155,0.5840194985860255
311,-0.3035196050747099,0.9641730255247245
312,-2.5141426349622087,0.2929667031091116
313,-2.9766908943495727,-0.07371454715456793
314,1.1879520946500475,-0.3452322173785427
315,-3.1985112337443904,-0.36998810860135384
316,1.6635837680527876,-0.2705622531633566
317,-2.813610702659754,0.2970065978695317
318,-3.5351527072792237,0.5272317769162573
319,3.8596349032796624,-0.791935964439753
320,4.510941828366425,-0.44193964128090346
321,4.184313828189748,-0.3853134792203299
322,3.5366196931734297,0.34769608881967334
323,1.6756887220691623,-0.14521664012984214
324,0.38461263492191616,-0.27083611576093825
325,2.0247502823583576,0.19445231800876758
326,4.0319994034793805,-0.8590190472296069
327,3.550254654470652,-0.6579821484339428
328,3.4726263089344642,0.3253122713894521
329,-2.2619844948617214,0.17664203112367713
330,-2.5330314811003563,-0.29698866093055143
331,4.488997907766503,-0.6829883041889291
332,0.9512511845152686,0.3502828540284507
333,-0.8512172482761516,0.43450676543016337
334,-3.425513295361108,0.19842955153649375
335,3.4788927598509742,-0.7147968281121919
336,-0.7750588663800267,0.6604330169152266
337,-2.221134175107116,0.1674011121429434
338,2.1000883220938316,-0.2
339,-0.9109247283378406,0.41212611195614973
340,-2.7190179370941614,0.4032552518453779
341,-2.755465596574486,0.27194551987031923
342,-0.037502813067836885,0.9676689425624249
343,-0.8334541461712885,0.5592403073310643
344,0.06629648538726551,-0.04247406843367633
345,1.986292855066466,0.4717479704121718
346,-2.7089221811884996,0.31736518855890383
347,4.0388202217845866,0.4338827529964933
348,0.6786086319190643,0.8541556992720661
349,-3.3993057513611733,-0.12247153984985903
350,4.389564349125785,0.1454946266233907
351,-2.508318052577155,-0.04250250612456982
352,0.4922414027308628,-0.6081352779334748
353,-0.8449328146161218,0.6473461935160986
354,0.1193699330229161,0.21202505393392612
355,0.8092849402051612,0.7171525200239688
356,1.5681476973458024,-0.4033717599606191
357,-1.024273380414777,0.10656333590703629
358,-0.6798854235639343,0.7319373751784004
359,-0.7927250694477965,0.8786924815980082
360,2.019318533545766,0.34236558419456076
361,-0.7599354229109954,0.6783144349640456
362,-0.11574161959619206,0.047833195618037117
363,-2.7432050035270086,0.36310093671853483
364,1.5379030023483724,-0.3872262730836752
365,4.538660916890638,-0.7759769545076609
366,-3.0834449794691636,-0.060226149533011364
367,0.18503693859715314,1.0635148828753151
368,-2.669870590286465,-0.35871637657657746
369,3.3527720770437774,-0.28332594269757116
370,0.443850260410248,0.9635936975366547
371,1.9380345352858253,0.23224322013953302
372,-0.008649725169047134,0.29498934416182876
373,-2.6879620073710613,0.2776765030098967
374,0.8483379198339659,-0.511645744034242
375,-0.6119890179513199,0.9188162460622129
376,-3.317208009272473,0.07149751298443935
377,-3.1898092498752804,-0.38125514204695704
378,1.0353886809075115,-0.5817212512493886
379,-0.024298016696811184,0.04061052018002395
380,-0.29277084323724084,0.9159355527517804
381,-1.0480776865341366,0.09824247086253853
382,3.833191713313321,0.3686119640483954
383,1.7532444922149562,-0.2965044069628887
384,0.934842066196666,0.09937435284026788
385,-2.384408771317778,0.6146082386463221
386,2.6286046199847695,-0.2
387,3.890914797316701,-0.509354187144268
388,-3.4633803068265703,0.7476960888196733
389,4.66165245843145,-0.6325156915182484
390,-0.8501892153645803,0.571230194688886
391,0.22739405445859023,-0.08489682611684002
392,-0.059833365707695624,0.9881559391939889
393,4.1010714943574165,-0.15757451292206376
394,-3.4719093249288084,0.08020383416046707
395,-2.5802532925886426,0.07280022765902797
396,2.796862896237837,-0.2
397,0.6509965718612459,0.6664806005038545
398,-0.16667841959474733,1.0202307934739576
399,3.6400739400217446,-0.831452417779418
400,1.83694356558115,0.1131288480349293
401,4.172248668549835,-0.43921518949762905
402,4.068280007289008,-0.8570119255406865
403,0.8746623192822213,0.4181212302300039
404,0.42659005162998953,0.8906517423262963
405,1.2663458961994036,-0.46650099849062976
406,0.2603381939149313,0.9229346466597704
407,1.0564556726355998,-0.3710499091792
408,0.42232562564610043,-0.23475595112619796
409,3.30542330668015,-0.43205827839167177
410,-3.5268492603016464,-0.03396849910201291
411,1.6964206310156393,-0.23171669066315775
412,0.11236364685393356,0.30269713826821404
413,-2.8666946572747425,0.9730431416093634
414,4.738015505138279,-0.2233579688763229
415,0.11789737710081376,-0.008899198189483998
416,1.2108607032217882,-0.44677178300549986
417,-2.934387895861266,0.6275945075249101
418,1.8868585373971904,-0.1548027604670747
419,-0.98411208588411,0.1290152477616399
420,-0.8072861018046709,0.6317857848776682
421,-2.731019797782348,0.42019587198965114
422,-2.6056227177331475,0.579990545007296
423,0.029002797056060733,1.0615636049261288
424,4.5162503749708485,-0.748306137153423
425,-3.4085162479929876,0.30161982318400926
426,0.5806593902927438,-0.5256426193138252
427,4.328291588186803,-0.015176485443543775
428,-2.450759759639907,0.06798384048356229
429,0.021329060210954296,1.048407505548784
430,1.4664553174078767,-0.36822378070803863
431,3.0878525053043004,-0.2
432,-2.7213481396197796,0.40456662894486983
433,3.4648652724691726,-0.6390231911316733
434,0.18099212875677645,-0.2028497921027535
435,0.6915553209609311,-0.48777887535528425
436,-2.6472442311382003,0.24924509420062863
437,-0.3096121961505158,0.9766888874824808
438,3.5664543901311054,0.055307856064631566
439,0.13029476971231413,0.9291334136627913
440,-0.5641786161393544,0.8238626636075097
441,-3.275687832954569,0.3676916255511363
442,0.48766046244992883,0.8125495334656019
443,4.211445924372383,-0.19652774951444768
444,3.8626020769030243,-0.07329204781917006
445,3.8014887662556096,-0.7699881086013538
446,3.7140678799041558,0.28623722654891876
447,-3.5642339127716465,0.39900502288174244
448,-0.31372495570827935,1.0023155630807274
449,4.629751441915841,-0.11995078578534124
450,-2.536885619798626,0.6842401662469164
451,-3.0680020720482633,0.6058974390988093
452,0.035304926883016785,0.5887780661889255
453,-2.8417357256874842,0.0938690583629867
454,-3.1728182253881014,0.8054762033182847
455,-2.4165658772485656,-0.0944383000859923
456,-2.9011374180863045,0.43549156042474807
457,-1.0052195850277852,0.39673909291641074
458,-0.8313667533934433,0.19867058137193006
459,4.338742930423875,-0.6762905754986142
460,3.8154146791262895,0.45026355701498594
461,4.601842694964962,0.23029097174546492
462,0.8613244224975078,0.3988127264688877
463,0.45792268470893505,-0.16424910944988833
464,-3.2700475853886966,-0.5093365446704681
465,-0.13479396220029274,0.8544996092735776
466,1.112232652390768,-0.40752168276985623
467,2.0098271641790317,0.42108407436818174
468,-0.9815561590753443,0.2082708306166694
469,-3.709211026501577,-0.11235984055286063
470,1.71015347722083,-0.23994883153406815
471,3.680674641490202,-0.07505831225154481
472,-0.8761404821784997,0.3972327815301245
473,-0.6773152351569588,0.6450843061756648
474,-2.590624865370217,-0.25301248031087786
475,1.0873247465835583,0.13064754795936417
476,-2.8907241918306914,-0.02093684125971354
477,-1.123123550993621,0.13384079925913592
478,-2.6612570695761257,-0.2762905754986142
479,3.3162859517936942,-0.3047354142866446
480,2.4731074114807186,-0.2
481,4.5889803731087895,-0.2624512275965147
482,3.8794590476418835,-0.8187146048489273
483,-0.39642754086893384,0.9201280283883833
484,0.8248149424902397,0.2833048778738006
485,-0.4329295073375654,0.7861430556939596
486,-0.45879470409582945,0.860920761187302
487,0.3734568593286641,-0.38562121231819124
488,-2.1747104293695068,0.2
489,4.116391458884278,-0.9429220512824021
490,4.778865824892884,-0.23259888785705662
491,0.7070899352630727,-0.42351958894435265
492,0.41141509509108176,0.9488152161662453
493,0.33412179460300734,0.9827258420277637
494,4.51993557017808,0.1871383914010935
495,4.073973838009231,-0.2690385805713077
496,0.6751333774906803,0.9525606159786375
497,-1.0274896103716848,0.28922588182790293
498,-0.8882053374894396,0.6255389381705474
499,0.5486877368312617,-0.41146163249969625
500,-3.239774794005554,-0.1985388816888966
501,-0.1264839552518807,0.3639305662818323
502,0.8540766084129908,0.4907999687552569
503,-3.5956576418144888,0.49886731311524013
504,-3.2483117314992547,-0.4671602439330033
505,-3.5360673618707814,0.30498296978969913
506,3.3421049520111903,0.16495709670903247
507,0.11188616151475828,0.5037802090266379
508,4.559781723514834,-0.04357267452683944
509,0.08840131836752534,0.2378654356093789
510,-2.4078915945102133,0.7358686461201349
511,1.798919809174246,-0.0215113459615196
512,3.6227456476798214,-0.06682490110392081
513,0.6506336301857394,-0.34509624196795685
514,-2.9898783005901755,0.5074578136252661
515,-1.016720258653331,0.16102585638479172
516,-0.5718815300368949,0.7619325241214701
517,4.388413118291515,-0.7430820419101731
518,4.1235617069200385,0.28667066344309916
519,0.5039302283729781,-0.3418055602954758
520,-0.49046524417724263,0.8041562551893217
521,2.111399500714108,0.2828062247422214
522,-2.9728953760754795,0.9242860103935133
523,-0.7831934895427475,0.682758124711654
524,0.34373208636594593,0.9364597164541235
525,0.6047422711728007,0.8305848033014605
526,4.244534403425514,-0.1280544801296808
527,-3.000099947083304,-0.5647474269953459
528,0.012751275074495878,0.2802117605961971
529,-3.0901110548088053,-0.5382181742994165
530,0.7253345800778995,0.5952768351791979
531,-3.186321259849299,-0.41868131720714935
532,-3.084759230255553,-0.3783145941360779
533,-2.4669656637806754,-0.19006953227205697
534,1.066353935332827,-0.3449150631764203
535,0.3733128272602446,0.7571870169687214
536,3.909550986916422,0.48052345005766356
537,1.9008941972049955,0.13530266872497246
538,-1.2031371037621637,0.2
539,1.963363497590969,0.477545360931995
540,4.434093116817812,0.23324570858818044
541,0.9206562774690719,0.36140545997520274
542,4.592108405489787,0.33586864612013495
543,1.1015878534107044,0.09825219277061381
544,0.20018586559003426,-0.07482963739898264
545,-2.5659068831821874,0.6332457085881804
546,-0.968049955988242,0.5123433194671735
547,-1.9583103073540125,0.2
548,3.905548526604034,-0.4980706318729386
549,0.19541562092138323,-0.0883171793148847
550,-2.957140707292799,0.24979099869434224
551,3.8809850005094293,-0.5227481614169209
552,0.49967194952846283,0.7432104880090603
553,0.5086812243730507,-0.49321481624858393
554,0.31780930053047796,-0.3084116708336302
555,1.6872180600519062,-0.2937174555875147
556,-3.11246296644474,0.14751495203970078
557,1.4192279859591905,-0.4020616720029803
558,1.7665759494384952,0.08126641202462571
559,1.9951962905902967,0.5657159752929066
560,-3.7498307211525406,0.2599238961528525
561,-0.4689994967570023,0.7894348798820472
562,0.5105415720798522,-0.4372452665845326
563,-0.019732932794301064,0.37668084095571763
564,-0.1603468611894798,0.8787581610128119
565,-2.823670779662435,0.5263583739301824
566,-3.2584640776813436,-0.02812335581331432
567,0.3263312603076822,-0.12218665166692869
568,0.7692105807118763,-0.5887751313017939
569,4.704948620023241,-0.4876189937638618
570,3.5654487058805686,-0.49145458821631605
571,-2.2491087552364433,0.12057250843277588
572,3.846725260741979,0.2375973472992653
573,-3.1126381907954195,-0.45363926086716927
574,-3.011177919522129,-0.3553033606960539
575,-3.2317616204639927,-0.07320661792784433
576,0.8251897476297817,-0.5299080984922001
577,3.8599050515267894,-0.5108098806600874
578,-2.3392009341827054,0.6380965043362243
579,-3.69457669331985,-0.03205827839167172
580,4.004618612089696,-0.5427214827717031
581,3.944240839551735,-0.3779707591690481
582,3.248676448331286,-0.2853976464144213
583,-0.6612809116496468,0.6644847510390918
584,-3.1704820221226706,-0.03031712358832031
585,-3.153274739258021,0.6375973472992653
586,0.8140731268761059,0.5573280436726712
587,0.15257586401344742,-0.11416593618929027
588,-0.9360258813533973,0.13652294699216214
589,-3.6282805345700515,0.10966694775481452
590,-0.2924874974019552,0.8462911411542032
591,-2.972668414361085,0.20635859219994265
592,0.3269787575912622,-0.18498339524133672
593,-2.5354993779791464,0.006214892485273821
594,3.915240769744447,-0.7783145941360778
595,1.9932450721156965,0.05856055866859128
596,3.4043423581855112,0.09886731311524011
597,-0.20699665763939423,0.9573554078407851
598,0.8648764364698192,-0.4957163239859229
599,-2.897378775067436,-0.1216746829117869
600,3.6254758274909937,-0.8299927859467964
601,-0.007163327798449956,0.14563179017403688
602,0.8190566975538748,-0.31253909547315917
603,3.4017704367432096,-0.20348140419254632
604,0.31825078525838024,-0.021248784623888864
605,-3.693107325014192,-0.05139011510906988
606,2.0295490653350767,0.2950119307685443
607,-2.6659338372195798,0.28066920319936206
608,-3.6172847042791294,0.6234736361932214
609,3.7682383795360073,-0.47320661792784435
610,0.03061919913257656,0.24795125286702385
611,0.8192340436640162,0.6525959781533501
612,0.4634465506112549,0.9312065199428062
613,-3.6472279229562226,0.11667405730242889
614,4.463088378978695,-0.797839556252969
615,0.7876935169537704,0.6872963161436713
616,3.4300811929602615,-0.6370698954036037
617,-0.33673546856656195,0.8832982587293167
618,0.21707616442513628,0.06428458592547728
619,4.176329220337565,0.12635837393018234
620,-3.128143858886405,0.6273655433993874
621,0.05414799707176758,1.1567822084558659
622,0.46098232132964745,-0.2823805690713252
623,0.9116945292324117,0.300335846150893
624,1.7663175814252101,-0.19400620805618587
625,0.5536053822142092,0.9008752717168791
626,3.6006942486388267,-0.5224715398498591
627,-2.381721372352968,0.5093943245123926
628,3.3370842075662246,0.16973456979050117
629,2.066365786886622,0.22741108390822518
630,0.3111581952697743,-0.23647989951156645
631,4.369689257707039,0.2469990623990897
632,3.898159289358742,-0.4942759151718084
633,3.553166630819786,-0.5898640991219578
634,0.032102986127062735,0.05327464861967908
635,1.442852379794499,-0.2898717417073442
636,1.5468931726355108,-0.19086685065300374
637,3.4482747407039733,-0.37812346171863365
638,0.09520098706699215,-0.12770293946600447
639,0.8338880445531487,0.7614213982847114
640,0.8586754927767286,0.44950093585306883
641,0.4663387708139568,0.8564691134244313
642,1.4390043491536455,-0.3916515776959918
643,-2.5449576691656075,0.09376001963163486
644,4.065612104138734,0.22759450752491012
645,4.549240240360093,-0.3320161595164377
646,-2.511002092233497,-0.282988304188929
647,-2.341455667360078,-0.08643714925500645
648,-0.8167709770492689,0.38459299749002246
649,-3.7078892082053385,0.31843020522726884
650,1.7379453288896567,-0.2286643160614184
651,-2.648820256345439,0.8105392863543615
652,0.2604808858780707,0.9267563306160328
653,0.14123945860125509,0.9850629587155196
654,-0.9871637524569055,0.2
655,2.0647716361657467,0.15092950209072645
656,0.12283087202503862,0.49854117808346404
657,0.86978451706006,-0.480536880191363
658,3.9165550205308364,-0.4602261495330114
659,-3.6578950479888097,0.5649570967090325
660,2.009112236521537,0.518388717425007
661,-3.742366418983563,0.0933277684684315
662,0.05231538389882248,-0.11644263177667363
663,1.8955898801419175,0.23773322545207107
664,-3.1373979230969757,0.32670795218082993
665,3.950730184414265,0.5060743700197823
666,1.3861508960228701,-0.4396328945308507
667,0.9020787803209265,0.11574801786547298
668,-2.674007059884491,0.6795985732390475
669,-3.2547413683557607,0.6914489201375287
670,-0.018094015017718762,-0.01291878225725026
671,3.798558683050468,-0.41247448552538146
672,0.6366419476134273,-0.310776071555656
673,4.308082621560694,-0.6946036903214461
674,3.6629630795574073,-0.5429779563166288
675,-2.8937506668758313,0.8077316358595734
676,4.67823779792859,-0.5700552295907886
677,-3.5211072401490258,-0.31479682811219195
678,-2.8498861506763715,0.8057493285862871
679,0.9422275281553255,0.5786087624008474
680,1.1865389179440582,-0.4890880228987348
681,-3.3184111269731624,-0.10675697977297349
682,0.2701219619750998,0.9226714761631847
683,4.595334681086467,0.08426033453518689
684,0.034980510189453765,0.5680865663344905
685,4.014901437932126,-0.9987539595390285
686,-0.1967171694062194,0.9333558359932188
687,1.0470803750014306,0.034390709208578674
688,-0.3918988771872478,1.0015434343224348
689,3.290788973498423,-0.5123598405528607
690,-2.611586881708485,-0.34308204191017316
691,0.5957359787642663,-0.31379119446014664
692,3.51815108061385,0.2009323803415884
693,-1.0816337645024892,0.012457823037371574
694,4.759786870247039,-0.37458009280237414
695,-3.64941114954184,-0.07259845179056879
696,3.6815888730268376,-0.5067569797729735
697,0.01096446358021573,0.05871142926499466
698,3.871126052673747,-0.5868375699470959
699,2.0211292817435114,0.4273299003440558
700,4.8794112402022325,-0.010131415679815348
701,-1.4135660668727694,0.2
702,4.60282892248085,-0.2059467784379664
703,4.454636615373183,-0.2495925885587852
704,-3.4745725290155205,0.48857211077104323
705,-0.33715761396564303,0.8823816924579754
706,-0.27347138794290693,0.911866551813624
707,0.15807801236126223,0.8592344063407894
708,-0.6616078452323977,0.6929953597124235
709,3.273629353097056,0.02323786512533399
710,-3.531625222866378,0.679979943074136
711,1.8627216840485543,-0.1571912997962915
712,4.014854745987532,-0.6435696391863677
713,3.827760528953555,-0.7550989084978688
714,3.8640208248902397,0.2731600548583258
715,2.3500839559047115,-0.2
716,3.945315066492831,0.07151915406662379
717,0.32611257362460994,0.9326223489855403
718,3.9998919684335124,0.19696866155978243
719,-0.674324379167285,0.6862358976339689
720,-3.6837140482063058,0.09526458571335544
721,0.009370126339101701,1.067023858448778
722,4.045991197952547,-0.9756490812161358
723,-0.11893756394951562,0.8951630963935685
724,-2.377630866103147,0.2457742274884049
725,-0.9461497788709361,0.20961890534739555
726,-0.28074921947878345,0.9658399468890417
727,-3.773840451121495,0.261958817391444
728,-2.618532254924618,0.08037985985357668
729,-3.0031389415789826,-0.5629988935544477
730,-3.222050575927557,0.1907913170212143
731,4.249358190212504,-0.3406891905797382
732,-3.721700472557651,0.07005644578751291
733,4.067356368123266,0.3609756340791401
734,0.8000751569023372,0.5483288018318617
735,-3.3370369204425927,-0.14297795631662874
736,4.78424580386821,-0.05636861565636586
737,4.330425186952284,-0.3853025895888428
738,0.9468956751270813,0.41907381658028214
739,1.6551701887176071,-0.27292514892567626
740,3.9168540319269316,-0.25456923324555497
741,1.5163677272389353,-0.4451485568117501
742,4.490464386631281,-0.23873840193814022
743,-0.8900762578097748,0.19100226937646345
744,-0.7883179654843201,0.6213165779861431
745,-3.483012430547344,-0.027984639303394537
746,-3.1583386488481926,0.25147257450736216
747,1.2873495614035793,-0.4023768029180136
748,0.5872248311102644,0.8450073799808173
749,2.046870291936418,0.08399100587693209
750,3.2362631338303403,-0.21699900698524469
751,4.455227082106676,-0.3137567415833139
752,1.603211937446301,-0.30158529747352286
753,-2.40700650000767,-0.8136958643660404
754,-3.7417436471924317,-0.03294399445339358
755,0.13793393631036013,0.24149250300665226
756,1.4998388824600604,-0.28891565429566846
757,3.3474793346136242,0.15437122534108377
758,4.3611677887595235,0.2906443307572355
759,-2.485341902700668,0.4945511530304679
760,4.280982062905839,0.0032552518453778656
761,3.363186803481515,-0.08959930100069191
762,-3.114897458559419,0.1597877844039583
763,-2.566423173874299,0.06050215053512528
764,0.20314251530809688,1.0116003602540942
765,0.504625036050613,-0.39543123418234744
766,4.186389297340246,-0.1029934021304683
767,-1.0533471337350484,0.12228439826817428
768,-0.17589496952638595,0.2799431435003285
769,4.717621788967741,-0.1267807333500388
770,0.7432537763341847,0.7054225718285607
771,-2.608061471924543,-0.0761642048927132
772,4.1501138493236285,0.40574932858628704
773,-2.396658379074464,0.541642990672647
774,-2.2293355285921086,0.3968751005190376
775,1.7705750279414625,-0.17753798544817495
776,4.145944575000539,0.5776491330392828
777,0.18753129845528504,-0.1265769556883308
778,-3.415067038205607,0.1626806544822264
779,0.7493031587069934,-0.4804313406890392
780,1.8467703000756728,-0.1719250053436961
781,4.200640165399674,-0.027088979056972634
782,-3.2038034931786763,0.3066231852999175
783,-2.5532165219922605,-0.21735475295226253
784,1.2378291298479904,-0.502803238149897
785,4.401488037212799,-0.2956904296720165
786,3.0128362475430945,-0.2
787,1.064178878232852,0.1353872924193254
788,-0.492024196666928,1.053428589286888
789,-3.7557942489257723,0.41813180984171583
790,-0.3841059113279059,0.812525339594048
791,-3.7092930947557123,0.5546758270797892
792,-0.11794966046735561,1.0076147144518728
793,0.5279275063296337,0.868111318277279
794,0.8811230676656888,-0.4963275140473255
795,3.9862597872958054,0.5801646114547454
796,0.7366690404286387,-0.34256106557726285
797,4.2276892888326705,-0.37461473992383815
798,-2.5482517671753957,0.968711883640349
799,1.5206006988926013,-0.319725194222214
800,-0.7623896223374064,0.8328434615051564
801,-2.4277008506249094,0.6954771330477061
802,3.611827017918973,-0.391671451646178
803,4.33406616278042,-0.11933079680063793
804,-3.0831459680730684,0.14543076675444505
805,0.9344073141905527,0.208821325909347
806,0.8392076375448605,0.47630268788569574
807,1.6742264053864644,-0.22313182488525288
808,1.0916644652439822,-0.4832473067829977
809,0.4579388983429525,-0.2938263690854632
810,-3.1821491558359623,0.8929538508002004
811,3.9574849207255247,-0.9368811459043489
812,-3.2299377630068418,0.757741346104873
813,-3.5325636565173975,0.43904025105391176
814,-0.9332969516122551,0.04178077716618073
815,1.3459667046100074,0.030611432073129885
816,1.8374636724452298,0.3880450178723899
817,-2.4810957351979717,-0.27548512629928634
818,-2.9752450096900818,0.7067889993431864
819,-2.4402182764851656,0.3564273254731606
820,1.057877653436798,-0.46018156736187327
821,-2.514792422083819,-0.28347974852502633
822,0.7567289306549321,-0.5919077065307577
823,-0.004162622376630315,-0.018922975495163464
824,-2.8048184351850542,0.39377669717678965
825,1.9509874228027013,0.3645233826971423
826,3.777949424072443,-0.20920868297878573
827,0.9107150574662274,0.5509062203119125
828,-3.6029867716183026,0.6978605789550208
829,-0.22098350684499377,0.894707790488484
830,1.6702706926719926,-0.19194240353377623
831,4.158264274312516,-0.3061309416370133
832,-3.1059233570761733,-0.33587631837784254
833,-2.7928010993459025,-0.1721028583703696
834,0.7717906485428416,0.5471434162386236
835,4.0271046239245205,0.5242860103935134
836,1.1679883925154577,-0.5149297433835711
837,4.660799065817295,0.2380965043362243
838,-2.6919173784393062,-0.2946036903214461
839,0.888288159054998,-0.6134815966445009
840,-2.5471558253954343,-0.44034899420762047
841,4.275314407938465,0.17528205903695088
842,-3.446833369180214,-0.18986409912195779
843,-2.729314313616692,-0.264593553810086
844,4.704851241987358,-0.09624902384368461
845,-2.992839759738149,0.034629924586115884
846,4.573750444704061,-0.5329439910572267
847,1.9211587735641447,0.12971500089574234
848,4.2182785579553235,0.45227391692972135
849,-2.604716234348233,0.2417216581607666
850,0.15282447384524545,0.12007736473761949
851,0.8090716518473586,0.14931978041880117
852,1.8080041199353283,0.010169894104937731
853,4.603341620925535,0.14164299067264696
854,3.995365456486865,-0.7733964887111204
855,-0.919842297140089,0.47947182857258486
856,-2.650225482319781,0.01874149329141553
857,4.267733582233622,-0.28546112565424725
858,3.999900052916696,-0.9647474269953458
859,0.4829694257819636,0.8319353348021369
860,1.137696413117091,-0.45512423929374807
861,4.042859292707202,-0.15020900130565779
862,3.6020815797447634,-0.5176352167504248
863,4.924446783855933,0.18675171775274402
864,-3.3745241725090063,-0.4299927859467964
865,-2.9056756368487195,-0.4300146318558728
866,0.1429418559487129,-0.04797194134880843
867,4.4550423308343925,-0.3062399803683652
868,3.3163933824896406,-0.3091979206626629
869,-0.19651860948474886,1.077714760690595
870,3.8714853249507395,-0.7561967008161616
871,3.7540430699836094,0.4443505946948771
872,0.8959708525455545,0.4547503530483817
873,4.0697329912058375,0.28221797766466117
874,1.1011616197995906,-0.5743011103445109
875,0.10386275485853605,1.0431409929004007
876,0.6661002238958247,-0.4079809479872077
877,-1.8999116779061689,0.2
878,-2.6695748130477166,0.014697410411157269
879,-0.1488373389399715,1.0414287811496779
880,-3.236838511956138,0.3064293644804874
881,-2.7433282033300186,-0.391570872362676
882,-3.004634543513135,-0.37339648871112047
883,3.8287799608815636,-0.3539318258711237
884,4.2910778188115,-0.0826348114410962
885,1.9671106773047151,0.11499478319350238
886,0.7695627907586139,-0.47865931256551664
887,2.2885230863543664,-0.2
888,0.866033025774192,0.4738031485066997
889,0.25753785089302406,-0.13830867680475148
890,0.12070481159412125,0.23341846565908253
891,0.7752689929283427,0.6035549570683512
892,-0.9324722338419862,-0.027648488078551456
893,-0.08952390130664498,0.3681699374486459
894,-2.8857896567441292,-0.36897619973177637
895,3.8873618092045805,-0.8536392608671692
896,1.6200011472276525,-0.21592171412336722
897,0.17349175886118115,0.04749406727102938
898,0.5553931512950319,0.9163393327495051
899,3.703940440131165,0.380023504088887
900,4.674523942168658,0.019627543558977306
901,-2.9750301587761183,0.8379632932236882
902,-2.772742569321978,0.15320622168672135
903,-0.6088152973130551,0.8283588817233031
904,4.260431147977066,0.5305065334965491
905,3.9398734512724443,0.5499327131796472
906,-0.5412719474537755,0.8359147933386009
907,3.860710502396741,0.5779493707404579
908,-0.6805935520234258,0.8053585138430582
909,-3.101840710641258,-0.09427591517180839
910,-1.8503638322148905,0.4050572877246197
911,-0.5345305357630165,0.8913908939500519
912,3.9592390204160597,-0.6389491468900719
913,1.6716249538436343,-0.1006806858491876
914,4.556318837616055,0.3280142717998736
915,-3.415689231339722,0.7178439136614416
916,4.5809643050854545,-0.1137473860921048
917,1.0776976050526152,0.19262168648546085
918,4.050960327821424,-0.5030751675946723
919,1.2938947315515676,-0.2428976312325097
920,-3.2859321200958442,0.6862372265489187
921,2.0411524123515816,-0.043748169109231794
922,-3.5351347275308274,-0.2390231911316733
923,-0.9605930992334137,0.5807835079411953
924,0.8731824952711431,0.5266136090294355
925,-3.5699188070397385,-0.23706989540360368
926,4.6223691338968536,-0.1542257725115951
927,0.840258744323259,0.6322079817328851
928,-2.854055424999461,0.9776491330392827
929,0.8720378598270646,0.18771173568087712
930,4.542817340286891,-0.5515775438814408
931,0.011080236555263266,1.0472980222440376
932,4.6511837485483,-0.27283225226230895
933,3.0738960491670575,-0.07876510400289183
934,4.220174081887439,-0.1661216898836658
935,-2.2870866750333088,-0.07616734345959869
936,1.3936702594667698,-0.412621375488231
937,3.5732810432791786,-0.7657746906532539
938,0.9788213509541367,0.21808480798381175
939,0.4299951494650141,1.0049137678498823
940,-0.2580935156683872,0.9197889143681023
941,1.5479290726986255,-0.28247066009402105
942,-3.261242381991927,-0.42961380614023376
943,0.33626852361040765,-0.28600390831178346
944,3.4914116435655744,-0.07681376920399109
945,4.087951063598146,-0.40912767973038366
946,3.8229507992461134,-0.756221902376913
947,-0.8616279911366267,0.633320484874042
948,1.5210980391125182,-0.4543250931963251
949,-2.4389098439052987,0.5043627592239932
950,0.9195183081703338,-0.5301181004526467
951,-3.6836066175103594,0.09080207933733714
952,3.560538610291666,0.4501852659761438
953,-3.2407792955431773,-0.46834143629248753
954,1.2928300584806511,-0.3754747213302768
955,1.655519384796568,-0.1580764251628649
956,0.9002940800194448,-0.12001744115513416
957,1.2810254071362803,-0.5141304754560627
958,0.007635281428429522,1.1235497993015937
959,-3.6525206653863758,0.5543712253410837
960,4.122723444880932,-0.33659079982014434
961,4.5133944996169415,-0.6616274632887643
962,1.0099640592078312,0.18568750236831824
963,-0.6503184703528522,0.7820412844611537
964,0.659521361472658,-0.4478606964566468
965,3.9406351008981084,-0.27922273761176214
966,3.4674363434826025,0.03904025105391176
967,0.034049489176679285,0.47361210672079984
968,-0.43356954541495973,0.8378080836796553
969,1.7673551939051788,-0.34515744381215197
970,4.63918856362316,-0.49033037740648244
971,1.046809394882054,-0.41576862949916615
972,4.184896447990494,-0.6418074854575031
973,0.2970203280418045,0.8979717440584565
974,-2.630310742292961,0.6469990623990898
975,0.7797665153364186,0.6342080338811033
976,4.27865186038022,0.0045666289448698105
977,4.0331402213740954,0.17350711241454503
978,-3.4267189567208214,-0.3657746906532539
979,1.1578396168488168,-0.5338514382172118
980,1.9800077526584219,0.10334980338829838
981,-1.5622261736395275,-0.8207083896204408
982,3.526108569317979,0.041272701811374934
983,-0.12552031133789399,0.9216235296163945
984,0.48207266754693484,-0.23477058281642837
985,-2.4613390831093622,-0.37597695450766083
986,-2.8644863124970352,0.7121061200913263
987,3.6997696664959743,0.5332995568674921
988,3.302691040913853,0.10995842508834802
989,0.8058465845666412,0.607058475726589
990,-3.0302601114933223,0.08087869409376047
991,3.885102541440581,-0.24021221559604172
992,-3.5517252592960267,0.021876538281366376
993,-0.9492931741284731,0.3293478042766344
994,-2.4046653189135334,0.4842603345351869
995,1.4419455876423413,-0.470186432996901
996,-1.038344259310074,0.2
997,-2.610435650874215,0.5454946266233907
998,-0.822830613731222,0.4386479526854554
999,-2.6755620149335124,0.13015459534873144
1000,0.9051181281280459,0.38161577461156837
1001,0.7759618947989555,-0.4055305767952369
1002,-3.0385156033810445,-0.06444738435319886
1003,2.1398439106735845,0.23099245461444495
1004,1.6236218908521423,-0.251586554117925
1005,3.928938477693606,0.3403701296951846
1006,-1.5833303074918224,-0.22520124389931118
1007,1.962433363912726,-0.015290896248382316
1008,0.9540729672343231,0.2578408752019541
1009,3.6463503156109973,-0.26071618898131804
1010,0.9978890417766605,0.011210985884163964
1011,1.9027366582526528,0.15140753542578583
1012,1.961702020690371,0.5717387263085826
1013,0.1234273498497165,0.4744774596459505
1014,-2.4351850260328165,0.43601725306211897
1015,1.7514118478775333,-0.0195994449394967
1016,-0.9479467980746177,0.10226924554324175
1017,-3.434233853116352,-0.04260106864492652
1018,-0.9794997826452974,0.36006172809470155
1019,-2.1399200215059917,0.2
1020,1.1930975261986154,-0.3797094110575512
1021,0.21243423751342805,-0.04912802057606827
1022,-3.716091855690695,0.23124545817531558
1023,3.8416613511518074,-0.1485274254926379
1024,-2.285811262023034,0.25371801275895284
1025,-2.7141270614686097,-0.5263610012279041
1026,-3.1584926619233014,-0.007642468425423599
1027,-2.819327121822129,0.8864104310904195
1028,0.28125587320580575,-0.18235578012778889
1029,-2.923805795632237,-0.08175170088987532
1030,2.438893602592181,-0.32351357627674204
1031,-0.8319312818117831,0.48136484199196655
1032,-3.6821793074785116,-0.13713248647605425
1033,3.7961965068213237,-0.09337681470008251
1034,-0.15129386537178596,0.40455458033840164
1035,0.9643880157027042,0.18129862829149082
1036,-3.067948683303912,-0.5918111765430578
1037,0.10819456338875169,1.0821409586096826
1038,-2.9732044197032015,0.8483956244411668
1039,-3.120268998061429,0.31695384596319554
1040,-1.0441989155401639,0.13524528921313425
1041,-0.7775503046941752,0.5162831188609163
1042,-1.0417600209525657,0.21311069244898118
1043,0.25856444261011324,1.0543964333562
1044,-0.9501567584110576,0.04348140759360415
1045,-1.0037185484316469,0.16837906256704172
1046,4.505999277014213,-0.04933707467001891
1047,0.5343003614905418,0.8281671653413135
1048,0.8870604574563036,0.49340176444895223
1049,1.0776724638977822,-0.47035461914256804
1050,1.5308161850661883,-0.36288013973546857
1051,3.5564417061916185,-0.27984508676102393
1052,-0.5628670650891344,0.8510121204439619
1053,1.0635256893811291,-0.462320065633799
1054,-3.6527865045042858,-0.21916093657379143
1055,1.0339889156270596,-0.5500668309534642
1056,1.444978428275781,-0.24287757468390203
1057,4.030024247547331,-0.3373345530016139
1058,-2.450960614850413,0.7614573873176131
1059,4.616895299687598,0.30146391351804663
1060,1.0122625514851917,-0.5012957747942257
1061,-3.097417091004826,0.7355285345468006
1062,4.391938528075457,-0.4761642048927132
1063,4.485207577916181,-0.6834797485250264
1064,-2.2171340815026968,0.20211985707291408
1065,0.805176282815002,-0.4619896752608422
1066,-2.814993722964304,-0.5616552111785014
1067,4.502614432493896,-0.08043109985240056
1068,-3.4394285886352374,0.7672680201115694
1069,2.301202933613698,-0.2
1070,-3.1712200391184364,0.046068174128876316
1071,-1.3539647359713936,0.4743772373311166
1072,0.42751265157814805,-0.2618511143709032
1073,0.411504904565806,-0.47401864865521515
1074,4.119983135605794,-0.13090001654217123
1075,0.7909189807191628,0.4617404343621906
1076,4.289547399617163,-0.0895050109972104
1077,0.6098414918456783,0.843655162924979
1078,4.113107781936148,0.3605399740559532
1079,0.9074990068297302,0.4429269777808131
1080,0.3577423972547156,-0.21615654845566912
1081,-0.008045399003189162,1.0702568085815372
1082,3.6383611591511644,-0.16608013218355916
1083,-0.7718860547160894,0.6876553683567282
1084,-2.5447729178933236,0.08624325841668609
1085,1.7845889996542028,-0.03763744770984512
1086,0.9944022040063695,-0.49527027107517724
1087,3.257633581016437,-0.30667223153156853
1088,-1.0209861774782019,0.0745253060228224
1089,-0.9816864052612496,-0.040155667866699205
1090,0.122653802200299,0.25973764762928137
1091,-0.20792759620238058,1.0119326719884547
1092,4.658544332639922,-0.4864371492550065
1093,-3.090449013083578,0.8805234500576635
1094,-3.1770492007538866,-0.3562219023769129
1095,4.277130749559209,-0.9317183182227995
1096,-2.8277513314501657,-0.03921518949762906
1097,1.941440827699395,0.24337940369020708
1098,4.195181564814946,-0.006223302823210403
1099,4.750891244763556,-0.27942749156722413
1100,4.538534683642864,-0.3657786394154034
1101,-0.8603562785670784,0.5015827862226362
1102,1.8915718155327959,-0.18769127713112913
1103,3.800257690692085,-0.8514467258157381
1104,0.8502866728955565,-0.3395396449508289
1105,3.9098889451911947,-0.9382181742994165
1106,0.02332249475939511,0.371626719910711
1107,3.9750652344822974,-0.1831996140635806
1108,1.8475854157222404,-0.0682665745523553
1109,3.3866326614201316,-0.8311305336386832
1110,4.256742803692801,0.2370752040389058
1111,0.19712203726460326,-0.13163246325772995
1112,3.4639326381292186,-0.0950170302103009
1113,3.84783685785943,0.22789824897715832
1114,4.537201527113962,-0.43493540613716486
1115,-2.38441839294428,-0.15303011871087618
1116,0.9026389772327985,0.41224469737912917
1117,-2.494000722985787,0.3506629253299811
1118,3.6528149851634906,-0.7281303056172983
1119,-0.006206065673473815,0.1452191474665092
1120,3.4445036026892,-0.4798930823693679
1121,1.8291559084930944,-0.028084791160380505
1122,-0.03762637404731043,0.4220700870884137
1123,-0.8616308096104192,0.5259957959298787
1124,3.5824782731303446,0.26266979276739766
1125,-0.7375831056359613,0.6159039765111098
1126,4.485857365037791,-0.10703329689088843
1127,1.980795203691128,0.4807529961560161
1128,0.770970344639522,-0.4897397008796988
1129,-3.1205409523581165,-0.41871460484892736
1130,-1.775764332098479,0.2
1131,0.5718791688049893,0.8015404200066656
1132,0.21255907542839753,1.0297209604815487
1133,0.6702190823688084,0.6758403438731994
1134,4.29843943005488,-0.4944088027564992
1135,0.57757775053099,0.7523076764971757
1136,-0.06800351781357371,0.9848547156756055
1137,4.3301294097135345,-0.7587163765765774
1138,1.9193843731425115,-0.05063645713447158
1139,-3.252833812619267,-0.488327086709546
1140,4.381467745075382,-0.31962014014642337
1141,0.1319076136928643,0.9914792866126597
1142,-3.199742309307915,-0.45144672581573814
1143,0.1207865550170141,1.024946739002536
1144,2.5273809243029635,-0.2
1145,-1.034438737270546,0.14931203361625114
1146,4.716344679166438,-0.12998090181804645
1147,4.133305342725258,0.5730431416093635
1148,4.054791093801405,0.19687129552364324
1149,1.8274772972988242,0.41014629644704614
1150,4.352755768861799,-0.1507549057993714
1151,4.419746707411358,-0.3271997723409721
1152,3.5914837520070124,-0.09838017681599077
1153,-2.8989285056425835,0.24242548707793626
1154,3.9968610584210174,-0.9629988935544478
1155,3.691241031087729,0.4408164313230351
1156,0.34139211986692164,-0.35138660522386955
1157,0.402404170094237,0.9127605530264042
1158,-2.2402131297529606,0.02541990719762585
1159,2.762718567858976,-0.2
1160,3.9319979279517367,0.2058974390988093
1161,1.5833754396911721,-0.27912929385468815
1162,-2.610543082018262,-0.1706722752609267
1163,0.8060570348977648,-0.40161090531303456
1164,0.39131368704269864,0.8956875527020001
1165,-3.3871422214782423,0.2290837033069611
1166,-3.138677606116535,-0.25354242805294197
1167,0.2351322086018197,-0.20392181922780958
1168,-0.05364409681193985,0.4426099918012488
1169,-2.8753403405489193,0.43982689619807364
1170,-3.6395830570093417,0.28421524209788135
1171,1.7112549486674922,-0.16091823864656452
1172,-1.430530348145826,0.2
1173,-2.8537111277160783,0.7984796942688437
1174,1.8735725615887882,0.07238709128322016
1175,-2.780554269684844,0.7192441017062143
1176,-0.3903656195578883,0.8160946879456953
1177,-2.9317199927109923,-0.4570119255406864
1178,1.8644791797210973,-0.06059954946598496
1179,4.185006277035696,-0.9616552111785013
1180,3.283908144309305,-0.16875454182468444
1181,2.0270810174053127,0.263110744688794
1182,-3.4788549441781846,0.14118091355551088
1183,3.3989129484637868,-0.008462379705422046
1184,-2.462798472886038,-0.03493540613716481
1185,4.506182155812227,0.02450711329891797
1186,0.9926422524163238,0.37575534288633267
1187,3.5211450558218154,-0.25881908644448914
1188,-2.767667074183347,0.7392552726187354
1189,1.3400580595225087,-0.390206154882214
1190,-3.475905782305459,-0.18545924087086058
1191,-2.707656929092552,-0.07913177706113306
1192,4.618278627647031,0.10939432451239262
1193,3.331947263051585,0.12154675018466177
1194,4.5272008334206895,-0.46538341124556054
1195,4.519942425438688,-0.44337326987542325
1196,0.6346400553876816,0.7154699323330069
1197,4.684624543418562,-0.5397464318446272
1198,0.8177197024475649,-0.41167854802914283
1199,3.548237990529283,0.38037786906888676
1200,-1.8349665672209652,0.2
1201,-3.637101017171508,0.5493570117353114
1202,3.705246408963316,0.042911916099493824
1203,1.9863131104830336,0.4388886381818038
1204,0.5172878831885975,-0.4053104143197602
1205,1.9732479218036139,0.1207226247508027
1206,-3.65874911672226,-0.04618276754789202
1207,3.5675361845996174,-0.43341582636374043
1208,-3.2958474150047667,-0.3590604005370271
1209,-0.45095713505575763,0.8064538507987099
1210,3.903115217552819,0.38742964518466055
1211,-3.201441316949532,-0.012474485525381468
1212,2.041689692645988,-0.2
1213,0.08088091571487105,-0.06910922937433689
1214,-0.7882031410753709,0.5958794195350727
1215,4.560080527943483,0.25178450899749755
1216,0.6918899250515231,0.5721140767875873
1217,-0.012838509989236975,1.0650067355255717
1218,1.9414082123634067,0.43665762372756306
1219,0.06472780882341696,-0.05200565555213521
1220,3.5620324726436077,0.1690875707618163
1221,3.651904759216931,-0.15832033088012132
1222,0.33640909572494343,-0.2958721873960642
1223,-3.3655063938046474,0.6996007926912093
1224,-0.0363000633578238,0.5193442227252792
1225,0.8711195876770149,-0.461696739044391
1226,-3.1190149994905707,-0.12274816141692096
1227,1.3908430357437758,-0.4891946877179818
1228,-0.5843817466782578,0.8247363093404746
1229,-1.2582605429353766,0.6073943686022605
1230,1.9393073535399434,0.5265166841564173
1231,3.5794563656492553,-0.637352290077523
1232,1.9506794786327601,0.4072071284440108
1233,-2.671708411813197,0.38482351455645625
1234,0.8599733036374215,0.4032018148817899
1235,-2.4571826597131086,-0.15157754388144068
1236,3.701779516332137,0.24834948208042246
1237,-3.329143624483507,-0.15522507339751423
1238,-3.340968209003183,0.7719900417738996
1239,1.3732971121917368,-0.47018062739098626
1240,-3.521358068335585,-0.38307807347660666
1241,0.7094717588095794,-0.4490498704439665
1242,3.9099904741756997,-0.8374855101747207
1243,-0.4342099302936995,0.3667563292745146
1244,-0.26358660492831776,0.4881913797463846
1245,3.6822310477373166,-0.444386491463133
1246,0.02143474194393538,0.34780288526548436
1247,-2.724685592061535,0.575282059036951
1248,-2.750641809787496,0.059310809420261845
1249,4.270685686383308,-0.664593553810086
1250,3.932051316696088,-0.991811176543058
1251,0.24706596730565572,0.9909689601185627
1252,0.8515624226550713,0.038109356568766156
1253,0.8270247697736246,-0.46968013989315244
1254,3.516987569452656,-0.4279846393033946
1255,4.333663542167594,-0.0430612586659774
1256,3.8101907501247196,-0.7812551420469571
1257,3.3471812294642085,0.05197095861604761
1258,-0.23233703022367586,0.9613928306524182
1259,4.150054353833067,0.016527100517783888
1260,4.3615041317395375,0.07061375459022728
1261,1.865532041682715,0.2932589988364661
1262,3.879731001938571,-0.08304615403680449
1263,-3.172239471046445,-0.3550989084978687
1264,-0.5783927583306177,0.7904771154859266
1265,-2.500456926376297,-0.2502013056106942
1266,-0.9494135519585232,0.30216526759003054
1267,1.9707229648331965,0.5121034281168384
1268,4.373394444382871,-0.7340899756883794
1269,-2.439919472056517,0.6517845089974976
1270,0.8429417728393099,-0.42430482986094226
1271,3.7662083589306183,-0.20679804725572276
1272,-0.5190001013893878,0.9315758449827043
1273,-2.710452600382837,0.3104949890027896
1274,-3.298220483667863,0.6483494820804225
1275,-3.177295401885962,0.21670003303852128
1276,-0.051302501658905875,0.9625474223952768
1277,-0.8596884617592313,0.41166049207372757
1278,-3.0001080315664876,0.5969686615597825
1279,-3.0407609795839403,-0.2389491468900719
1280,2.25682432113535,-0.2
1281,-3.0601265487275557,0.9499327131796473
1282,0.5076917817698946,0.8823835233055531
1283,-0.9064604051638663,0.513297641664466
1284,0.7409180765913904,0.6410200769206923
1285,-2.8223991604665364,0.3471025261331343
1286,-3.0137402127041946,0.9801646114547455
1287,-2.9083470685336072,0.2616624264297594
1288,-2.898754709205161,0.6857124926334366
1289,-3.17324778489229,-0.3007784350917149
1290,-3.348095240783069,0.2416796691198787
1291,-2.4938178441877725,0.424507113298918
1292,0.9783382851652709,0.06597876426310308
1293,1.037893877514785,0.09598053636615944
1294,0.3348419059413859,-0.14695438594040072
1295,0.8746703401576543,0.5707909702416983
1296,0.0862211508895754,0.3576434291332622
1297,1.9279406930868426,0.251904907269301
1298,-3.0331345418313944,0.5322970739505537
1299,1.4329038164366108,-0.3495844168321604
1300,-0.78646209071081,0.7753267677374727
1301,1.8331339362013281,-0.17511524843901197
1302,-3.449745345529348,-0.2579821484339428
1303,4.026795580296799,0.4483956244411668
1304,0.6521339249599678,0.8284908020366034
1305,1.0033937637522754,0.14254690738204934
1306,-0.05986872569535482,0.9212640579867468
1307,0.8519294349013069,0.35565786128021043
1308,3.4357660872283535,-0.0009949771182575784
1309,3.8826789537702284,0.43971306656759207
1310,0.7718546925585,-0.4778551690191446
1311,4.421816911772952,-0.18388977438455373
1312,3.532308958585493,-0.45735499418322667
1313,-0.963750015750177,0.2817372485317155
1314,3.407073181480518,0.2498980000400784
1315,-0.6331122851883866,0.6836244453041193
1316,1.7071029188556002,-0.20672903605163884
1317,3.817679537707572,-0.2695587779734537
1318,0.5623923730520427,-0.4584316204683944
1319,0.03160447564742197,0.37487870440697035
1320,3.747166187380733,-0.8883270867095461
1321,-2.937510118907667,0.262932913113251
1322,1.847066764354112,-0.024010556094500868
1323,0.16406282011270207,-0.011586564245702632
1324,3.3117305112151842,0.1944153978746192
1325,0.2710586892688585,-0.3908244901322785
1326,0.3882156172575826,-0.3577531840513054
1327,0.07215813361670004,0.16887560365460433
1328,-3.054684933507169,0.4715191540666238
1329,4.222800512693121,-0.15841069148593562
1330,2.588471515219503,-0.2
1331,-1.0685373438602048,0.44740552225469543
1332,-3.109085202683299,-0.10935418714426798
1333,-0.29296770232130903,1.0248893071370293
1334,4.351179743654561,0.4105392863543614
1335,3.9277046312254877,-0.3803491066183933
1336,1.3452185915936001,-0.49692741825916
1337,4.143024836622284,0.1974106483821319
1338,-1.0703228900458732,0.2
1339,0.8360493647797611,0.36301800167350606
1340,4.433576826125701,-0.3394978494648747
1341,1.2948165928973336,-0.46699251272659686
1342,0.9078257443848261,0.503896894043016
1343,-2.8868922180638514,0.7605399740559533
1344,3.92456550995652,-0.9746478033189132
1345,3.4700752997493396,-0.18566010757254484
1346,1.944417048867881,0.3318713434336499
1347,4.007010322323021,0.45108444060752734
1348,-0.9037472220425975,0.35693033808061136
1349,-3.9982110594808953,0.09710280817451689
1350,1.1070626215610055,-0.5075496186596772
1351,-3.4366083254705826,0.839362668592835
1352,0.07874177705128482,0.46197057720588924
1353,-3.4040223827683396,0.06114811345604995
1354,-2.789987233918492,0.7592136908339797
1355,3.4731507396983536,-0.43396849910201296
1356,-3.73250373713503,0.1905845760813436
1357,0.04987636567113023,-0.11821141823674328
1358,-0.8128222342148701,0.13565402387485356
1359,3.5605714113647626,0.3672680201115694
1360,4.748776522791506,0.03902010092723546
1361,1.4983792774646865,-0.31696839230333074
1362,0.8648233677553614,-0.41535554584431517
1363,3.659031790996817,0.37199004177389955
1364,1.953405570657414,0.1530932172535437
1365,2.2242356679015214,-0.2
1366,0.3227483164757072,0.9370484926337233
1367,3.8746266609257964,0.33595632324695796
1368,1.1878764981880723,-0.561915924619929
1369,1.3968282338237923,-0.4955166126011883
1370,-2.843285754177176,-0.4959087305118384
1371,-0.9541514040210682,0.19122251943085639
1372,-2.8764382930799615,0.6866706634430992
1373,4.44678347800774,-0.6173547529522625
1374,0.6812368561705895,0.7506955269613518
1375,4.261283753070357,-0.5054935226580157
1376,1.070662985989696,0.03769773029005502
1377,0.8924404912855776,-0.5247677817104128
1378,-0.9442239915707804,0.09530233849566953
1379,-3.4429460160117533,-0.09319079536232305
1380,0.39579184550057983,-0.38311289068616144
1381,4.584785673542625,0.3095057559079157
1382,-3.3599260599782554,-0.43145241777941795
1383,-3.0567140975024936,0.7487713809485386
1384,4.292343070907449,-0.4791317770611331
1385,0.238332906364534,-0.12739064545588424
1386,0.34782907496392823,-0.26640854665818203
1387,3.4648472927207763,0.12723177691625726
1388,-1.0274971620854942,-0.05583077159404651
1389,-3.055759160448265,0.022029240830951924
1390,-3.0141625226314988,-0.23474121109519752
1391,1.922661308661072,0.09761574152374779
1392,-2.6623678109349203,0.03258305713838924
1393,-3.094451473395966,-0.09807063187293857
1394,3.524094217694541,-0.5854592408708605
1395,-3.2946736836150423,-0.09862662530352773
1396,-2.739568852022934,0.9305065334965492
1397,0.1486516271878217,0.1750857603338351
1398,0.1497200076785378,0.17550733171847194
1399,4.389456917981739,-0.5706722752609268
1400,0.9695421933902522,0.174458870443753
1401,1.2678622016459091,-0.4303705659197874
1402,1.949283236563006,0.09475037496166196
1403,0.7488033972269584,-0.545521769069043
1404,-3.388172982081027,0.00832854835382199
1405,1.2561988375623983,-0.5485602087493887
1406,0.0774735108253281,1.019198813737942
1407,4.024969841223882,0.43796329322368827
1408,-3.3344727441847217,-0.3229921523173746
1409,-3.5299247002506604,0.2143398924274552
1410,-3.24123381981196,-0.07303767893658103
1411,0.08205508538335697,0.19650438317081986
1412,0.9265173520408307,-0.4463886724575306
1413,0.9636754409974038,0.24883612703922275
1414,3.742304930923156,0.4063212395996954
1415,3.387895826524752,-0.09940876196846878
1416,-0.9319110350427534,0.2272290476204402
1417,0.7631438284335441,-0.544227308029925
1418,0.1952901680432263,-0.08379364205466805
1419,-0.5784367726879083,0.2429926409933547
1420,4.34977451768022,-0.3812585067085845
1421,-3.440058879719507,0.14858918251818393
1422,0.04172412047585941,0.19614324985820855
1423,3.061914048050146,-0.2
1424,2.007966271325081,0.4372978882062766
1425,0.2296677862489288,-0.013464749048900382
1426,-3.751323551668714,0.11460235358557873
1427,3.8415073380766986,-0.4076424684254236
1428,1.9782170216032695,0.1381512977323209
1429,-2.5117944953588927,0.7693322684870885
1430,-3.2459569300163906,0.844350594694877
1431,0.8013490972580813,-0.44331233886466687
1432,-2.5604965149516863,0.13546187900511836
1433,1.6568682137110327,-0.10902560743271908
1434,4.227257430678022,-0.24679377831327867
1435,-2.6946934066870414,-0.05740478786547404
1436,2.8020002526909575,0.2259110878295172
1437,3.822704598114038,-0.18329996696147874
1438,3.76833720192975,-0.0502565681913518
1439,0.9538164822904659,-0.4227635689790552
1440,-0.030053079168732705,0.133461067930841
1441,4.024754990309918,0.3067889993431863
1442,0.5641371834930896,-0.4189329928849567
1443,2.9919880026984815,-0.2
1444,-0.5980258462712154,0.7877304521744979
1445,0.18820927618846411,-0.06267215727011324
1446,1.2704627322649216,-0.4853566817787916
1447,3.545145344415801,-0.6113377469653577
1448,0.8592998026769185,0.5253866948781933
1449,0.17795291447062667,0.008132444046666493
1450,4.311290511194525,-0.8325981530972804
1451,0.029154217371338678,1.0075597833395145
1452,4.091652931466393,-0.1383375735702406
1453,-2.9850985620678734,-0.5987539595390285
1454,0.40433386623647544,-0.3434839901682774
1455,3.3472134954957142,-0.6191609365737915
1456,3.3970132283816974,0.2978605789550208
1457,-3.195507627773289,0.830485664992721
1458,4.4631143802013735,0.2842401662469164
1459,0.13634357495089855,1.0061248416316682
1460,-1.0228564639144848,0.25913746011349104
1461,3.810605429905227,-0.9372312161049952
1462,3.7900705847857465,-0.18589059607435202
1463,0.10137078289241039,-0.04401832652183538
1464,4.241159322194013,0.1353717186513419
1465,1.935812274786863,0.0784252758684432
1466,-3.522981585024898,0.3801408335042624
1467,-2.0214069353186694,0.2
1468,2.4750710182629123,-0.2
1469,0.32451693609326526,-0.2593716915384381
1470,0.1487209583116496,0.945156946190457
1471,0.08682494058054162,0.5097087158122517
1472,0.18347923523916432,-0.3804516899405064
1473,0.25871644808324906,-0.2014406769527082
1474,3.915432095734729,-0.43404987140378337
1475,3.7516882685007453,-0.8671602439330033
1476,1.6132029825866123,-0.1787621282493843
1477,-3.3471850148365094,-0.32813030561729833
1478,3.7140775893594835,0.1688941317155237
1479,2.961655740689926,-0.2
1480,-3.084567904265271,-0.03404987140378332
1481,-2.497385567506104,0.3195689001475995
1482,-0.14204982888303422,1.0168303043279623
1483,-3.257695069076844,0.8063212395996955
1484,0.2214047505968422,0.9905559981909452
1485,-1.0151244654163414,0.07694382995907335
1486,-0.7897896641042795,0.5399027974873571
1487,-2.3217622020714104,-0.1700552295907885
1488,1.97619606911772,0.2007206442902818
1489,-2.8011182524145153,0.616175914273732
1490,-2.849553817284956,0.026195871436857948
1491,0.7422949844633822,0.7586932258817645
1492,-3.2099294152142535,0.214109403925648
1493,0.7623971834957496,0.7004651663674141
1494,0.005228811141147708,0.21306132198537747
1495,3.2501692788474594,-0.14007610384714755
1496,-2.53465705525565,-0.17986535087457844
1497,-3.451762009470717,0.7803778690688867
1498,1.8252895706304932,-0.2
1499,1.848275159140554,-0.19156385812652582
1500,1.505604954497406,-0.3455556323412593
1501,-0.9369420172140094,0.32397128080906606
1502,-1.4137537665889894,0.2
1503,-3.515952393802304,-0.35797337091895304
1504,4.533034336219324,-0.590069532272057
1505,4.464500622020854,-0.3937851075147262
1506,3.769248594497661,-0.44816357027691767
1507,0.4850301336654449,-0.3904952173074798
1508,-3.592926818519482,0.6498980000400785
1509,-0.7204554085033144,0.7152127743210164
1510,-0.8472108715022586,0.28378602783753154
1511,3.3996619784260127,0.12047357611082438
1512,0.27375090826108417,-0.12698226402674112
1513,-2.966859778625904,0.573507112414545
1514,-2.738862562407185,-0.1247555634115659
1515,3.9697398885066777,-0.31912130590623955
1516,-0.8710599911395803,0.3642628074555334
1517,0.04242717831422035,0.09841027812159221
1518,4.010121699409825,0.10745781362526602
1519,3.7650478933628353,-0.49634966988892554
1520,-3.294753591036684,0.4429119160994939
1521,-3.1253733390742036,0.7359563232469579
1522,0.6256680510101221,0.9055543236053392
1523,-3.4575476493949004,-0.26898414341423865
1524,-3.6629157924337754,0.5697345697905012
1525,0.4735155471141347,0.8064914562958687
1526,1.6854614156275483,-0.1343697402185275
1527,-3.6223950159683143,0.061251749675986955
1528,-0.8719078421376114,0.6366067474022636
1529,-2.6663364578324065,0.3569387413340226
1530,0.7323350164209343,-0.5218336165665379
1531,0.2190064125545593,0.9973798992016191
1532,4.321123870668668,0.04783479425079731
1533,-3.1845853208737105,0.8502635570149859
1534,-0.9121474946956996,0.2
1535,-2.8156861718102517,0.014686520779670115
1536,1.7137517115553127,-0.1635062518673423
1537,-3.4175217268696554,0.6626697927673977
1538,0.03733557736709452,0.3131881410115103
1539,4.023309105650427,-0.47371454715456796
1540,-2.926026161990769,0.1309614194286923
1541,-0.13012420587617216,0.8477995363241998
1542,0.9280141556042012,0.33804970954439617
1543,-1.649916044095289,0.2
1544,0.561262564587228,-0.31627892550045583
1545,3.6655272558152783,-0.7229921523173746
1546,-2.475781950042534,0.2956745837688167
1547,3.871856141113595,0.22736554339938747
1548,-2.856975163377716,0.597410648382132
1549,-0.9755316545398052,0.13192357676186434
1550,0.9108362159453232,0.3158743259790211
1551,-0.6027646431401987,0.7589050868884627
1552,0.5533303493997039,0.735544108290124
1553,-3.7233585117497494,0.3172462195031252
1554,1.9960052294443726,0.5016456823509108
1555,-0.8523507380085836,0.3359586821942044
1556,-2.4929262361180866,-0.31666673843702525
1557,1.3954191416671402,-0.537708213364896
1558,3.420931398212659,0.3260069590767401
1559,4.770664471407891,-0.003124899480962423
1560,2.165033432779035,-0.2
1561,0.971003573421108,0.02596905160868733
1562,0.7305163190248338,-0.5048084739278841
1563,1.5021282407847731,-0.33883583059561495
1564,1.7222613061713448,-0.2761159855727249
1565,-3.7126787060685644,-0.09707160830478018
1566,4.135513687502965,0.3121061200913264
1567,1.9114235099697154,0.11555691138121851
1568,0.22007673768913538,0.03681962235008458
1569,4.501647848474129,-0.5489368046354639
1570,3.362898982828492,0.14935701173531135
1571,-0.849788377224889,0.43523872075361536
1572,3.495255321554759,-0.10223601473921992
1573,0.8992297764390259,0.11562535603637823
1574,-0.6075898040139104,0.8095040561302397
1575,3.2442057510742277,0.01813180984171578
1576,0.5186773286108235,-0.3465619792330553
1577,-2.4866055003830585,-0.2616274632887643
1578,0.25628909764016317,-0.17113258314070437
1579,0.6725217511290099,0.8123328369678453
1580,0.07838583971709377,0.9782674247067298
1581,3.7041525849952333,-0.7590604005370272
1582,-3.3748546958660564,0.19510651567237244
1583,-0.6999294698451394,0.487090028349454
1584,-2.893127312001612,-0.2520514630422103
1585,-2.8151035520095067,-0.24180748545750314
1586,-2.7817214420446765,0.8522739169297213
1587,-2.3254760578313416,0.41962754355897736
1588,-2.849945646166933,0.4165271005177839
1589,1.9453017558627976,0.2726069471532355
1590,4.219445730315155,0.31924410170621437
1591,0.24535348180286032,0.8709074707798761
1592,2.846096445918966,-0.07041813155771881
1593,-3.2729857492744463,0.1258364025014384
1594,-1.3873528831676065,0.2
1595,1.0844870236452433,-0.43449720515762835
1596,0.3467719735505177,-0.20286696759206752
1597,0.728998642845991,-0.5121242413328786
1598,-2.6141921584696504,0.8816513678928213
1599,0.498689002416308,0.8530862748254454
1600,3.7053263163849577,-0.49862662530352775
1601,3.6128577785217577,-0.17091629669303893
1602,4.572299149375091,0.29547713304770606
1603,1.8107242022911318,0.9679422870592131
1604,-0.6737137853519953,0.5920507168111315
1605,-2.578183088227048,0.2161102256154463
1606,-3.4855990525705236,0.3946426303451803
1607,-0.011893230837350235,0.8787229326359851
1608,1.0653102644997106,-0.48586703222319794
1609,0.7459883900532376,0.7156732352933858
1610,3.7452586316442393,0.2914489201375286
1611,-3.128873947326253,-0.18683756994709588
1612,-0.7590092383448822,0.7894353877011823
1613,-2.897847241642422,0.9722551157882935
1614,4.007160240261851,-0.3653700754138841
1615,4.182987982560084,-0.4301260291511899
1616,3.7415359223186564,-0.42812335581331434
1617,0.9761647049465166,0.4360357267088561
1618,0.755060363015991,0.7576422601532463
1619,1.9104872760892035,-0.2
1620,-2.283655320833562,0.2700190981819536
1621,-2.411019626891211,0.13754877240348534
1622,-0.5679658984015479,0.7803918443367315
1623,-2.7993598346003252,0.3729110209430274
1624,-2.7015605699451206,-0.09440880275649915
1625,1.8930437076828481,0.09671358967408686
1626,-3.139289497603259,0.9779493707404578
1627,-2.483749625029151,-0.348306137153423
1628,-0.26928337409111813,0.7714433505703671
1629,2.5826599044477683,-0.2
1630,3.804492372226711,0.43048566499272106
1631,4.114210343255871,-0.7689761997317763
1632,-3.4324638154003826,-0.03341582636374038
1633,-0.1786951003940453,0.9543943515698587
1634,1.1900633766171433,-0.5001836800222175
1635,3.964617509201897,-0.16342750177503462
1636,-2.3488162514516997,0.12716774773769107
1637,3.2907069052442877,0.15467582707978922
1638,-0.9950381399760865,0.16163957113414193
1639,-2.961179778215414,0.8338827529964934
1640,0.3594112983025678,1.0865167690121689
1641,4.268980202217652,0.020195871989651087
1642,-0.32907830011511086,1.0239980276023246
1643,3.484047606197696,-0.7579733709189531
1644,0.10871277134505361,0.1750253254974793
1645,0.6409474177265597,-0.4015772258081675
1646,1.186125308082573,-0.4239459479501798
1647,-0.18491192348289007,0.98639937353316
1648,-3.141199600913587,0.34433860080728884
1649,4.766817319030933,-0.3951990906647983
1650,3.75876618018804,-0.47303767893658105
1651,4.561090156094702,0.10436275922399313
1652,2.024823718436999,0.10459332884382214
1653,-0.790999348185273,0.5135354706170547
1654,3.3849333027258455,0.1305636143188747
1655,3.988822080477871,-0.755303360696054
1656,3.995235772183104,-0.6835433209675641
1657,3.34125088327774,-0.44618276754789205
1658,3.234973676811527,-0.3511284302024582
1659,4.324437985066488,-0.2698454046512686
1660,3.7700622369931582,0.3577413461048729
1661,-0.8094709956019703,0.4714316002857623
1662,0.1571593064937713,0.8789534270771926
1663,3.540636321050771,-0.028521640165145162
1664,-0.8642083261308212,0.33936115972954384
1665,-0.31690615305298636,0.9865755115835101
1666,-2.9680005965206195,-0.4590190472296068
1667,0.6290037122049577,-0.4660458966997532
1668,-2.274545505780104,0.03867271581374235
1669,-2.9326436318767337,0.76097563407914
1670,1.090473240239603,0.1522528657869592
1671,4.0549358040712775,0.5506658388203576
1672,1.104242171225584,-0.5211016767801667
1673,-3.2422482950668434,0.8181846366258161
1674,-0.6012487855164171,0.8281623809191785
1675,1.1720087356501219,-0.4618948444149442
1676,3.4775313211597987,-0.36485853685034664
1677,0.09963424635410997,0.14522063140056335
1678,-2.865964038403471,0.8927858381708256
1679,1.6946476661532306,-0.19818917097249505
1680,-0.9142113169618993,0.2978531153061274
1681,4.325992940115509,0.27959857323904747
1682,-0.7756316993963652,0.5581240583146556
1683,4.491681947422845,-0.44250250612456987
1684,1.7391929374789616,-0.07894064364335177
1685,1.8070383966566148,-0.06744732785120433
1686,-2.9333793560065304,0.48452910865167886
1687,0.696663945466091,-0.4573618424269259
1688,-0.6723996443857492,0.8479701709100836
1689,3.2921107917946615,-0.08156979477273116
1690,-0.338308312003412,0.897999370278765
1691,0.5804108477786404,0.864455460956999
1692,0.12956446736497781,0.9880222830003653
1693,4.502269749270215,-0.7130614729579947
1694,1.8600799784940085,-0.2
1695,0.387248333027221,-0.2369562498494829
1696,0.7787472923970058,0.7946983872643996
1697,-2.949039672178576,-0.10307516759467222
1698,4.620189494389179,-0.38964317293052775
1699,-3.1285146750492605,-0.35619670081616167
1700,-2.556272738279018,0.05324882212983845
1701,3.226159548878505,-0.13804118260855602
1702,0.1883374360872473,0.08279341022929196
1703,0.9246843931645103,0.23221782835248117
1704,-2.6788761293313317,0.4478347942507973
1705,-2.985145254012468,-0.2435696391863677
1706,2.5694696518541744,-0.2
1707,0.5566094070507703,-0.5300624683931033
1708,-3.4849807212601904,0.8350947314839345
1709,1.7283333477880767,-0.12616562565173003
1710,1.9811633284603436,0.3033509373213923
1711,-3.182320462292428,0.13044122202654634
1712,4.395283765651767,-0.15827834183923342
1713,3.7577517049331566,0.418184636625816
1714,1.5116653173545502,-0.5104970176945938
1715,0.073485102312309,0.09475728969972308
1716,-3.2337916410693817,0.19320195274427726
1717,4.488205504641107,0.3693322684870885
1718,3.917455964404385,0.5546421905236258
1719,0.05207213520037084,0.24054141376400576
1720,1.9086675582847243,0.3777393906084178
1721,1.4819177348241819,-0.385359524700005
1722,0.9317311754588051,-0.42130344965925054
1723,3.724791453660624,-0.9349959159541439
1724,-3.052294225368764,0.7722425644990814
1725,4.61558160705572,-0.5530301187108762
1726,-0.34598170466999084,0.9751450812635821
1727,-3.666937905257539,0.386549031294113
1728,-3.2859224106405165,0.5688941317155237
1729,0.896667334483263,0.3404852103782301
1730,3.36731912368491,-0.3424439588945007
1731,-2.969975752452669,0.06266544699838611
1732,0.6171021366646033,0.6008740518138436
1733,3.8981207197122627,-0.8413508037070425
1734,2.6126471168323935,-0.2
1735,-0.07020279621482149,1.1151046176063932
1736,-3.48184891938615,0.6009323803415885
1737,-2.398157305035039,0.630290971745465
1738,-3.726370646902944,0.423237865125334
1739,0.22251509625684304,-0.29513928876453477
1740,0.1307856607462397,0.06180704710129335
1741,4.603588177172445,-0.2920006184880596
1742,-2.8971264132584036,-0.13721587839513616
1743,-2.5095356133687194,0.1612615980618598
1744,4.06662064399347,0.08452910865167884
1745,0.17518549131955383,-0.19622068553500213
1746,-3.612104173475248,0.30059123803153126
1747,-0.07882758695130436,0.5186053947516426
1748,0.023663968773767422,0.3830201658670551
1749,-2.4262495552959393,-0.1329439910572266
1750,2.537562834431255,-0.2718746405850394
1751,3.9432859024975064,0.3487713809485386
1752,-3.668052736948415,0.5215467501846618
1753,2.008937722521674,0.04666795137843836
1754,4.285872938531391,-0.926361001227904
1755,-0.474313367733186,0.8040987446238372
1756,0.9952901786020586,0.25156624044220627
1757,-2.4983521515258706,-0.14893680463546388
1758,0.6709889199964875,-0.5499923266460888
1759,1.9531450888411885,0.35455391121438634
1760,-0.6680741206366099,0.7514469060105674
1761,0.40409082888527514,0.8720384316517364
1762,-3.7637368661696597,0.18300099301475534
1763,0.217317979169464,1.034943816856123
1764,3.3717194654299485,-0.2903330522451855
1765,-3.3979184202552366,-0.11763521675042482
1766,4.562352078187514,0.3548260688809091
1767,0.8097398701334273,-0.46326338244840315
1768,4.0801617278635955,0.21361637843985676
1769,-3.6426548613816365,0.056390603911828374
1770,-3.096884782447181,0.7874296451846605
1771,0.9405563544779686,0.047245516874133156
1772,4.527765747440042,-0.46750119516308325
1773,-2.7387162469296427,-0.1054935226580157
1774,-2.7740648959440417,0.5347189987971993
1775,4.550265766084105,0.2750979797648636
1776,4.344134691797855,-0.8570476810111991
1777,-2.7798259181125604,0.23387831011633423
1778,-0.8135273291375408,0.6094398717984478
1779,-3.6010870515362132,0.39153762029457795
1780,-3.189394570094773,-0.5372312161049952
1781,0.9357958722659528,-0.4724067623029299
1782,-1.0717669012812683,0.12066352204122371
1783,-2.950975054410028,0.4687807980985958
1784,0.46700900004429663,0.8379626457777414
1785,4.439503485048314,-0.26453812099488166
1786,-0.4325969763279276,0.8593458605704797
1787,0.3391651268761805,0.03434724031408415
1788,3.724312167045431,-0.032308374448863725
1789,3.8940766429238267,-0.7358763183778425
1790,-0.9758512008598247,-0.005700106171138426
1791,0.7468808144943438,0.6244320692762804
1792,-0.554778482111458,1.0068303629162783
1793,-2.8170120174399162,-0.030126029151189893
1794,4.156714245822824,-0.8959087305118385
1795,-2.9929896776769787,0.8510844406075273
1796,0.2723017535842094,-0.24141245697007885
1797,-0.9380859519498541,0.2
1798,3.861322393883465,-0.653542428052942
1799,0.7420972098255515,0.6450051883701328
1800,0.6194164474720768,0.8255673561300985
1801,3.584310768660278,0.31784391366144166
1802,-2.295148758012642,0.3037509761563154
1803,1.0358039140010444,0.1914268449557021
1804,4.1340359615965285,0.4927858381708256
1805,3.559941120280493,-0.2514108174818161
1806,-3.765026323188473,0.048871569797541786
1807,0.5697441511054372,-0.3845159022866483
1808,0.9304454504751765,0.008775276461220309
1809,-0.2680962509862363,0.9967427343296014
1810,3.738757618008073,-0.8296138061402338
1811,0.37084718878201384,-0.545506973850757
1812,-0.8264120419413408,0.5476485382015313
1813,3.813678740150701,-0.8186813172071494
1814,-2.777199487306879,0.2415893085140644
1815,0.6904391596782838,-0.42765554831419805
1816,1.0009403537486554,0.12426287408249968
1817,4.585486532909478,0.8532390739633227
1818,3.6251453041339436,-0.20489348432762758
1819,-2.480057574561312,-0.0433732698754232
1820,2.0300024633098666,0.321225834016811
1821,-3.5273736910655358,0.7253122713894522
1822,-2.722869250440791,-0.5317183182227994
1823,0.6239756711383775,0.6030648780076003
1824,4.102621224932564,-0.5216746829117869
1825,-0.7378865773913578,0.6970586989069499
1826,4.394377282266853,0.179990545007296
1827,2.586433933127231,-0.2
1828,1.1035045597159163,-0.5790843198468978
1829,-0.057479350096361,0.8974004082629372
1830,0.9500666992703477,0.13366310715604623
1831,-0.5803138528987702,0.7396694896650231
1832,-0.06812956221974263,0.20745236930647762
1833,4.0988625819136955,0.03549156042474805
1834,1.7103434507041877,-0.16171566967619494
1835,-0.8682619267337852,0.4349630479746163
1836,-0.4932888711772254,0.8695842770235431
1837,-0.7047491442324239,-0.6355506048039947
1838,-3.6150666972741545,0.5305636143188748
1839,-1.008011997301519,0.2
1840,4.18067287817787,0.48641043109041954
1841,3.584932961794393,-0.23731934551777362
1842,-1.371395380015231,0.2
1843,1.8476342258359226,-0.10426997170939406
1844,0.9176346686996028,0.15139818383005257
1845,0.11679347413974583,0.9919350808323156
1846,4.106249333124168,0.40773163585957345
1847,4.0624898810923336,-0.137067086886749
1848,0.8374080879036503,-0.3654489586687502
1849,3.4533913472518885,0.2303886892598852
1850,0.3189901295945815,0.8615937687341839
1851,-2.7814627735405604,0.3660598440531393
1852,-2.6803406925613644,0.7762974015066748
1853,1.404119157055987,-0.4871342879817351
1854,0.06920030908807467,0.9720112193972119
1855,4.177600839533463,-0.052897473866865746
1856,3.8295179778773294,-0.4303171235883203
1857,0.16655548508386203,1.01340923802721
1858,1.804602576918416,-0.16554358261885874
1859,3.670856375516493,-0.5552250733975143
1860,1.9919976099877192,0.09772362963686072
1861,1.3181789386280953,-0.38876206454588635
1862,-2.8346579055463152,0.7811877922134918
1863,-3.5466086527481115,0.6303886892598852
1864,0.8431055524945353,0.4005229904869487
1865,-1.7431756788646506,0.2
1866,0.9490834859202313,0.43165791658040326
1867,1.1900537664888169,-0.5619887110224968
1868,-1.4173400955522317,0.2
1869,4.165342094453685,0.3811877922134917
1870,3.8797578238863384,-0.7619678246267239
1871,4.261137437592815,-0.5247555634115659
1872,1.8153089244603036,0.17600748277898098
1873,-2.4152143264573747,0.7095057559079156
1874,0.3318347095742672,0.9562743943350493
1875,0.3259839280676247,-0.25996955544274164
1876,0.2803051959416497,0.8791780799507075
1877,0.06735902689226272,0.03869661826003204
1878,-3.504744678445241,0.2977639852607801
1879,1.9186544698905241,0.06747602861232103
1880,0.9076843711527169,-0.4756110382531491
1881,-2.5203864821673796,0.6411135983510088
1882,-2.419035694914546,0.28625261390789525
1883,-0.01360008573426598,0.4629725306842598
1884,-3.296059559868835,0.780023504088887
1885,3.902582908995174,0.3355285345468006
1886,3.763161488043862,-0.09357063551951258
1887,-2.4727991665793105,-0.06538341124556052
1888,3.5570539839882467,-0.4931907953623231
1889,-2.2157541961317904,0.34363138434363416
1890,-3.4379675273563923,0.5690875707618164
1891,3.7299524146113034,-0.909336544670468
1892,4.106872687998388,-0.6520514630422103
1893,4.483134675140905,-0.1469707767621333
1894,0.8404186083161449,-0.5263024342492884
1895,-0.6376569271007569,0.7509939621311155
1896,-2.5985119627872013,0.10430957032798356
1897,0.9713028670939106,0.14154472485001224
1898,-2.6388322112404765,0.6906443307572355
1899,0.7499942916898095,0.7379297868090201
1900,1.1613399135757028,0.18204792992625893
1901,-2.7095577472168224,0.5600337621565716
1902,0.9701431386641364,-0.5446078001111019
1903,1.894169347044201,0.1738713700223131
1904,4.225935104055958,0.13471899879719929
1905,-0.7248495353665737,0.5697554756225558
1906,-3.467691041414507,-0.05735499418322665
1907,-2.282378211032259,0.2732192666499612
1908,3.5721619866565906,-0.3058664464376648
1909,-3.071061522306394,0.7403701296951846
1910,3.5280906750711916,-0.31979616583953296
1911,-2.77231071116733,0.025385260076161875
1912,4.452215713251397,0.10340883567243009
1913,-0.8887388531537127,0.42549209273343014
1914,1.4343212246688781,-0.4594263678859991
1915,0.029144974356947972,0.9237106502441121
1916,0.5990053648628206,-0.4639241701086562
1917,0.5380096392799277,-0.3863952099109401
1918,-0.4483525524037706,0.79648502083228
1919,3.5254274709844795,0.08857211077104321
1920,1.4858697652337396,-0.210090241535804
1921,0.8210533262871931,-0.473266462476638
1922,3.5424523506050996,-0.6689841434142387
1923,3.9614843966189555,-0.4644473843531989
1924,3.8271817746118986,0.40547620331828477
1925,-3.333370141168067,0.2719984851346359
1926,0.45422987746999066,0.788309033765401
1927,0.5354400572963977,-0.3545323134212911
1928,3.3776049840316857,-0.33874825032401307
1929,4.150446182715044,-0.37380412856314205
1930,4.725454494219896,-0.3613272841862577
1931,0.1528525208715008,0.538480214390257
1932,3.5144009474294764,-0.005357369654819699
1933,1.7836861394560464,-0.1599485701529186
1934,-3.439461389708334,0.8501852659761437
1935,0.5206233202945482,0.9437287430738842
1936,-1.6331836123434114,-0.09237243039934295
1937,-3.4205436343507447,-0.23735229007752306
1938,-3.6882694887848158,0.5944153978746192
1939,-3.3616388408488356,0.23391986781644086
1940,-0.8839494290932637,0.49878718168944547
1941,1.4437220333789178,-0.46725572653080083
1942,-3.63268087631509,0.057556041105499334
1943,-2.655865308202145,-0.457047681011199
1944,0.26954372447218883,0.9068596078946566
1945,3.681912233654568,0.42821908028431305
1946,3.7592207044568227,-0.8683414362924875
1947,0.8775233309531791,0.4005388381543033
1948,-3.4278380133434094,0.09413355356233523
1949,1.6276423760739624,-0.2877367841532725
1950,3.82675221510771,-0.700778435091715
1951,0.8943206808300428,0.5475311460168093
1952,-1.4115284847804976,0.2
1953,-2.92128516658531,-0.548492490834279
1954,0.0011604185501953648,0.2615036849655026
1955,-0.5690071773661952,0.6858586017019226
1956,0.006745478503349639,1.0597628239721035
1957,0.04838475545847312,0.9763872690782581
1958,-0.6732947575867498,0.9125549698800329
1959,0.8667799691938292,0.4374056781966327
1960,-2.48006442982192,0.5871383914010935
1961,4.452844174604565,-0.8403489942076205
1962,4.583434122751434,-0.4944383000859923
1963,1.9024928372958059,-0.16730694920854858
1964,0.9623336342452573,-0.43874498102796067
1965,-3.0249347655177026,0.21680038593641943
1966,-2.2331826809690676,0.004800909335201747
1967,0.22317745975722364,0.905171749348327
1968,4.524218049957466,-0.10432541623118331
1969,0.05177824301378251,0.9647070851408848
1970,-3.0900095258243003,-0.43748551017472076
1971,-0.3629328861083243,0.9996277575791732
1972,1.8152580949221666,0.05846889004257186
1973,-2.40027644485491,0.23010251236462329
1974,4.549039385149587,0.36145738731761307
1975,-0.6538493920802008,0.7921977615494303
1976,3.760225205994446,-0.5985388816888966
1977,1.4089182357428256,-0.3525929180391092
1978,-2.9953813879103044,-0.1427214827717031
1979,3.565766146883648,-0.44260106864492654
1980,-0.01057216169173223,0.48060778466526877
1981,-2.5322200052437505,0.17961763529723773
1982,-0.009597314095941278,-0.04401827846102828
1983,3.338712615585978,0.1175234236252925
1984,-0.904980515861522,0.2784265825700802
1985,3.478641931664415,-0.7830780734766067
1986,0.31813850840458624,0.9459397740199547
1987,1.5953551332307054,-0.32854255010832517
1988,-3.0425150792744753,-0.536881145904349
1989,2.5862462334110106,-0.2
1990,0.2836689232897755,-0.25124265291182524
1991,-2.315375456581438,-0.13974643184462715
1992,-3.0191986435560447,0.3816984185721122
1993,3.7270142507255537,-0.2741635974985616
1994,1.231160176769979,-0.4040950931675621
1995,3.9808013564439553,-0.018301581427887847
1996,-2.9452089061985958,0.5968712955236433
1997,3.5633916745294174,0.43936266859283507
1998,-3.5982295632567904,0.1965185958074537
1999,4.027331585638915,-0.19364140780005737
